itemName,pc_mean,pc_75,pc_25
Bacon,13.70344459,20.86693548,5.056179775
Baked Beans,57.15668347,60,56.25
Eggs new,51.53863332,60.78431373,32.02247191
Mushrooms,18.29302664,14.28571429,11.11111111
Sausage,24.4256909,17.74834437,18.5483871
Tea,4.894434287,19.8,-4.166666667
Tomatoes,32.14776053,50.18867925,17.1875
White Bread,19.03780866,31.81818182,15
